USE UCC;

-- 20 departments
INSERT INTO departments (department_name, location) VALUES
('Cardiology','Block A'),
('Neurology','Block B'),
('Oncology','Block C'),
('Pediatrics','Block D'),
('Orthopedics','Block E'),
('Radiology','Block F'),
('Emergency','Block G'),
('Urology','Block H'),
('Dermatology','Block I'),
('Ophthalmology','Block J'),
('ENT','Block K'),
('Gynecology','Block L'),
('Psychiatry','Block M'),
('Endocrinology','Block N'),
('Gastroenterology','Block O'),
('Nephrology','Block P'),
('Hematology','Block Q'),
('Pulmonology','Block R'),
('Dental','Block S'),
('Rehabilitation','Block T');

-- 20 rooms
INSERT INTO rooms (room_number, room_type, availability) VALUES
('R101','General',1),
('R102','General',1),
('R103','Private',1),
('R104','Private',0),
('R105','ICU',0),
('R106','General',1),
('R107','Private',1),
('R108','ICU',0),
('R109','General',1),
('R110','Private',1),
('R111','General',1),
('R112','Private',0),
('R113','ICU',0),
('R114','General',1),
('R115','Private',1),
('R116','General',1),
('R117','ICU',0),
('R118','General',1),
('R119','Private',1),
('R120','General',1);

-- 20 medications
INSERT INTO medications (medication_name, dosage) VALUES
('Paracetamol','500mg'),
('Ibuprofen','200mg'),
('Amoxicillin','500mg'),
('Atorvastatin','10mg'),
('Metformin','500mg'),
('Omeprazole','20mg'),
('Amlodipine','5mg'),
('Lisinopril','10mg'),
('Salbutamol','100mcg'),
('Prednisone','10mg'),
('Ciprofloxacin','500mg'),
('Warfarin','2mg'),
('Levothyroxine','50mcg'),
('Tramadol','50mg'),
('Clopidogrel','75mg'),
('Fluconazole','150mg'),
('Doxycycline','100mg'),
('Hydrochlorothiazide','25mg'),
('Furosemide','40mg'),
('Lorazepam','1mg');

-- 20 doctors
INSERT INTO doctors (first_name, last_name, specialiazation, phone_number, email, department_id) VALUES
('James','Adams','Cardiology','555-0101','j.adams@example.com',1),
('Linda','Baker','Neurology','555-0102','l.baker@example.com',2),
('Robert','Clark','Oncology','555-0103','r.clark@example.com',3),
('Patricia','Davis','Pediatrics','555-0104','p.davis@example.com',4),
('Michael','Evans','Orthopedics','555-0105','m.evans@example.com',5),
('Barbara','Frank','Radiology','555-0106','b.frank@example.com',6),
('William','Green','Emergency','555-0107','w.green@example.com',7),
('Elizabeth','Hill','Urology','555-0108','e.hill@example.com',8),
('Thomas','Irwin','Dermatology','555-0109','t.irwin@example.com',9),
('Jennifer','Jones','Ophthalmology','555-0110','j.jones@example.com',10),
('Charles','King','ENT','555-0111','c.king@example.com',11),
('Susan','Lee','Gynecology','555-0112','s.lee@example.com',12),
('Christopher','Moore','Psychiatry','555-0113','c.moore@example.com',13),
('Karen','Nelson','Endocrinology','555-0114','k.nelson@example.com',14),
('Daniel','Owens','Gastroenterology','555-0115','d.owens@example.com',15),
('Nancy','Parker','Nephrology','555-0116','n.parker@example.com',16),
('Paul','Quinn','Hematology','555-0117','p.quinn@example.com',17),
('Sandra','Reed','Pulmonology','555-0118','s.reed@example.com',18),
('Mark','Scott','Dental','555-0119','m.scott@example.com',19),
('Laura','Turner','Rehabilitation','555-0120','l.turner@example.com',20);

-- 20 patients
INSERT INTO patients (first_name, last_name, gender, date_of_birth, phone_number, email, address) VALUES
('Alice','Anderson','Female','1985-02-10','555-0201','alice.anderson@example.com','12 Oak St'),
('Brian','Brown','Male','1978-06-22','555-0202','brian.brown@example.com','34 Pine Ave'),
('Catherine','Cole','Female','1992-11-05','555-0203','c.cole@example.com','56 Maple Rd'),
('David','Dunn','Male','2001-03-14','555-0204','d.dunn@example.com','78 Birch Ln'),
('Eva','Edwards','Female','1969-09-30','555-0205','eva.edwards@example.com','90 Cedar Ct'),
('Frank','Foster','Male','1988-12-01','555-0206','frank.foster@example.com','101 Spruce Dr'),
('Grace','Gomez','Female','1995-07-19','555-0207','grace.gomez@example.com','202 Willow Way'),
('Henry','Hughes','Male','1972-04-25','555-0208','henry.hughes@example.com','303 Aspen Pl'),
('Ivy','Ibrahim','Female','2000-10-03','555-0209','ivy.ibrahim@example.com','404 Elm St'),
('Jack','Jacobs','Male','1990-01-17','555-0210','jack.jacobs@example.com','505 Poplar Blvd'),
('Kara','Kim','Female','1982-05-28','555-0211','kara.kim@example.com','606 Chestnut Rd'),
('Liam','Lewis','Male','1975-08-09','555-0212','liam.lewis@example.com','707 Magnolia Ave'),
('Mia','Morris','Female','1998-12-12','555-0213','mia.morris@example.com','808 Sycamore St'),
('Noah','Nguyen','Male','2003-02-02','555-0214','noah.nguyen@example.com','909 Palm Dr'),
('Olivia','Owens','Female','1987-07-07','555-0215','olivia.owens@example.com','111 Redwood Ln'),
('Peter','Peters','Male','1965-11-11','555-0216','peter.peters@example.com','222 Cypress Ct'),
('Quinn','Quartey','Other','1999-09-09','555-0217','quinn.quartey@example.com','333 Hawthorn Rd'),
('Rachel','Ross','Female','1980-03-03','555-0218','rachel.ross@example.com','444 Olive St'),
('Samuel','Stone','Male','1994-06-06','555-0219','samuel.stone@example.com','555 Juniper Ave'),
('Tina','Turner','Female','2006-08-15','555-0220','tina.turner@example.com','666 Laurel Blvd');

-- 20 staff
INSERT INTO staff (first_name, last_name, job_title, phone_number, email, department_id) VALUES
('Aaron','Adler','Nurse','555-0301','aaron.adler@example.com',7),
('Betty','Barnes','Receptionist','555-0302','betty.barnes@example.com',1),
('Carl','Cummings','Technician','555-0303','carl.cummings@example.com',6),
('Diana','Diaz','Nurse','555-0304','diana.diaz@example.com',4),
('Ethan','Elliott','Lab Assistant','555-0305','ethan.elliott@example.com',3),
('Fiona','Foster','Pharmacist','555-0306','fiona.foster@example.com',6),
('Garry','Green','Cleaner','555-0307','garry.green@example.com',20),
('Hannah','Hart','Accountant','555-0308','hannah.hart@example.com',12),
('Ian','Ives','Porter','555-0309','ian.ives@example.com',8),
('Jill','James','Therapist','555-0310','jill.james@example.com',20),
('Kyle','Knight','Nurse','555-0311','kyle.knight@example.com',5),
('Lara','Lane','Receptionist','555-0312','lara.lane@example.com',2),
('Mason','Martin','Technician','555-0313','mason.martin@example.com',6),
('Nora','Newton','Nurse','555-0314','nora.newton@example.com',11),
('Owen','Olsen','Security','555-0315','owen.olsen@example.com',7),
('Paula','Price','Admin','555-0316','paula.price@example.com',1),
('Quincy','Quinn','Lab Assistant','555-0317','quincy.quinn@example.com',3),
('Rita','Reyes','Pharmacist','555-0318','rita.reyes@example.com',6),
('Steve','Smith','Surgeon Assistant','555-0319','steve.smith@example.com',5),
('Tara','Thompson','Physio','555-0320','tara.thompson@example.com',20);

-- 20 admissions
INSERT INTO admissions (admission_date, discharge_date, patient_id, room_id) VALUES
('2025-01-05','2025-01-10',1,3),
('2025-01-12','2025-01-15',2,1),
('2025-02-20',NULL,3,5),
('2025-03-03','2025-03-07',4,4),
('2025-03-15','2025-03-20',5,2),
('2025-04-01',NULL,6,6),
('2025-04-10','2025-04-14',7,7),
('2025-05-02','2025-05-05',8,8),
('2025-05-12',NULL,9,9),
('2025-06-01','2025-06-03',10,10),
('2025-06-10','2025-06-13',11,11),
('2025-07-01',NULL,12,12),
('2025-07-15','2025-07-18',13,13),
('2025-08-05','2025-08-09',14,14),
('2025-08-20',NULL,15,15),
('2025-09-01','2025-09-04',16,16),
('2025-09-10',NULL,17,17),
('2025-10-02','2025-10-06',18,18),
('2025-10-15','2025-10-20',19,19),
('2025-11-01',NULL,20,20);

-- 20 appointments
INSERT INTO appointments (appointment_date, appointment_time, reason, doctor_id, patient_id) VALUES
('2025-01-02','09:00:00','Follow-up',1,1),
('2025-01-15','10:30:00','Headache',2,2),
('2025-02-25','11:00:00','Chemotherapy review',3,3),
('2025-03-01','14:00:00','Well child check',4,4),
('2025-03-18','09:15:00','Knee pain',5,5),
('2025-04-05','13:00:00','X-ray review',6,6),
('2025-04-12','08:30:00','ER follow-up',7,7),
('2025-05-03','10:00:00','UTI',8,8),
('2025-05-14','15:30:00','Skin rash',9,9),
('2025-06-04','16:00:00','Eye check',10,10),
('2025-06-12','09:45:00','Ear pain',11,11),
('2025-07-08','11:30:00','Prenatal',12,12),
('2025-07-20','12:00:00','Therapy',13,13),
('2025-08-06','14:30:00','Thyroid check',14,14),
('2025-08-22','10:15:00','Stomach pain',15,15),
('2025-09-05','13:45:00','Kidney consult',16,16),
('2025-09-18','09:10:00','Blood disorder follow-up',17,17),
('2025-10-07','15:00:00','Breathing issues',18,18),
('2025-10-20','11:45:00','Dental check',19,19),
('2025-11-10','10:00:00','Rehab session',20,20);

-- 20 prescriptions
INSERT INTO prescriptions (prescription_date, dosage_instructions, patient_id, doctor_id, medication_id) VALUES
('2025-01-02','Take one tablet twice daily',1,1,1),
('2025-01-16','Take one tablet every 6 hours',2,2,2),
('2025-02-26','500mg three times a day',3,3,3),
('2025-03-01','One tablet at night',4,4,4),
('2025-03-19','Take with food',5,5,5),
('2025-04-06','Once daily before breakfast',6,6,6),
('2025-04-13','Use inhaler as needed',7,7,9),
('2025-05-04','Apply cream twice daily',8,8,10),
('2025-05-15','One tablet daily',9,9,11),
('2025-06-05','Follow INR monitoring',10,10,12),
('2025-06-13','Take on empty stomach',11,11,13),
('2025-07-09','One tablet as needed for pain',12,12,14),
('2025-07-21','One tablet daily',13,13,15),
('2025-08-07','Single dose',14,14,16),
('2025-08-23','Twice daily',15,15,17),
('2025-09-06','Morning dose',16,16,18),
('2025-09-19','Once daily',17,17,19),
('2025-10-08','One tablet at bedtime',18,18,20),
('2025-10-21','Take two tablets',19,19,1),
('2025-11-11','As directed',20,20,2);
